tagId,timestamp,coordinates_x,coordinates_y
28261,1548053232.46,3430,5237
27005,1548053232.48,3337,726
28261,1548053232.50,3429,5237
27005,1548053232.53,3339,726
28261,1548053232.55,3427,5237
27005,1548053232.57,3339,726
28261,1548053232.59,3427,5237
27005,1548053232.61,3339,726
28261,1548053232.63,3427,5237
27005,1548053232.65,3337,725
28261,1548053232.67,3429,5237
27005,1548053232.69,3337,722
28261,1548053232.71,3429,5237
27005,1548053232.73,3336,722
28261,1548053232.75,3429,5242
27005,1548053232.77,3337,718
28261,1548053232.79,3429,5237
27005,1548053232.81,3336,718
28261,1548053232.84,3426,5235
27005,1548053232.86,3335,718
28261,1548053232.88,3426,5234
27005,1548053232.90,3336,722
28261,1548053232.92,3426,5234
27005,1548053232.94,3335,722
28261,1548053232.96,3425,5234
27005,1548053232.98,3335,722
28261,1548053233.00,3425,5233
27005,1548053233.03,3332,722
28261,1548053233.05,3425,5231
27005,1548053233.08,3333,722
28261,1548053233.10,3425,5230
27005,1548053233.12,3333,723
28261,1548053233.14,3424,5224
27005,1548053233.16,3333,723
28261,1548053233.18,3423,5220
27005,1548053233.20,3334,726
28261,1548053233.22,3423,5219
27005,1548053233.24,3334,726
28261,1548053233.26,3422,5218
27005,1548053233.28,3334,727
28261,1548053233.30,3420,5215
27005,1548053233.32,3335,727
28261,1548053233.34,3417,5209
27005,1548053233.36,3335,726
28261,1548053233.39,3417,5209
27005,1548053233.41,3335,723
28261,1548053233.43,3417,5205
27005,1548053233.45,3334,723
28261,1548053233.47,3415,5205
27005,1548053233.50,3333,723
28261,1548053233.52,3415,5205
27005,1548053233.54,3332,718
28261,1548053233.56,3414,5205
27005,1548053233.59,3333,723
28261,1548053233.61,3413,5205
27005,1548053233.63,3334,724
28261,1548053233.65,3409,5203
27005,1548053233.67,3334,718
28261,1548053233.69,3409,5203
27005,1548053233.71,3333,718
28261,1548053233.73,3404,5210
27005,1548053233.76,3334,724
28261,1548053233.78,3401,5210
27005,1548053233.80,3333,724
28261,1548053233.82,3398,5210
27005,1548053233.84,3333,727
28261,1548053233.86,3378,5210
27005,1548053233.89,3333,728
28261,1548053233.92,3337,5210
27005,1548053233.94,3334,730
28261,1548053233.96,3309,5210
27005,1548053233.98,3334,730
28261,1548053234.00,3301,5210
27005,1548053234.01,3335,730
28261,1548053234.04,3301,5203
27005,1548053234.06,3335,732
28261,1548053234.08,3301,5203
27005,1548053234.10,3335,730
28261,1548053234.12,3301,5210
27005,1548053234.14,3335,728
28261,1548053234.16,3301,5234
27005,1548053234.19,3335,728
28261,1548053234.21,3274,5234
27005,1548053234.23,3335,728
28261,1548053234.25,3245,5319
27005,1548053234.27,3335,728
28261,1548053234.29,3226,5418
27005,1548053234.32,3335,728
28261,1548053234.34,3202,5418
27005,1548053234.37,3338,727
28261,1548053234.39,3185,5458
27005,1548053234.41,3338,727
28261,1548053234.43,3177,5467
27005,1548053234.45,3342,723
28261,1548053234.47,3175,5467
27005,1548053234.49,3342,719
28261,1548053234.52,3175,5467
27005,1548053234.54,3342,719
28261,1548053234.56,3144,5486
27005,1548053234.58,3342,714
28261,1548053234.60,3109,5513
27005,1548053234.62,3338,714
28261,1548053234.65,3104,5513
27005,1548053234.67,3336,714
28261,1548053234.69,3104,5486
27005,1548053234.71,3335,705
28261,1548053234.73,3104,5486
27005,1548053234.75,3338,707
28261,1548053234.77,3101,5508
27005,1548053234.79,3338,707
28261,1548053234.81,3104,5486
27005,1548053234.83,3342,707
28261,1548053234.85,3104,5486
27005,1548053234.87,3342,707
28261,1548053234.90,3116,5486
27005,1548053234.92,3338,707
28261,1548053234.95,3116,5486
27005,1548053234.97,3339,713
28261,1548053234.99,3116,5485
27005,1548053235.01,3339,713
28261,1548053235.03,3116,5482
27005,1548053235.05,3339,707
28261,1548053235.07,3116,5502
27005,1548053235.09,3339,707
28261,1548053235.12,3147,5508
27005,1548053235.13,3341,707
28261,1548053235.15,3168,5508
27005,1548053235.18,3341,702
28261,1548053235.20,3168,5502
27005,1548053235.22,3341,702
28261,1548053235.24,3168,5442
27005,1548053235.26,3340,702
28261,1548053235.28,3168,5383
27005,1548053235.30,3337,700
28261,1548053235.32,3147,5383
27005,1548053235.34,3337,700
28261,1548053235.36,3129,5378
27005,1548053235.38,3337,699
28261,1548053235.40,3116,5365
27005,1548053235.42,3337,699
28261,1548053235.44,3102,5356
27005,1548053235.46,3337,698
28261,1548053235.48,3108,5338
27005,1548053235.50,3337,698
28261,1548053235.53,3108,5299
27005,1548053235.55,3337,698
28261,1548053235.57,3108,5272
27005,1548053235.59,3339,700
28261,1548053235.61,3108,5243
27005,1548053235.63,3339,700
28261,1548053235.65,3108,5218
27005,1548053235.67,3341,700
28261,1548053235.69,3108,5203
27005,1548053235.72,3341,702
28261,1548053235.74,3099,5182
27005,1548053235.76,3343,702
28261,1548053235.78,3086,5168
27005,1548053235.80,3341,702
28261,1548053235.83,3077,5140
27005,1548053235.85,3343,710
28261,1548053235.87,3077,5129
27005,1548053235.90,3343,702
28261,1548053235.92,3076,5122
27005,1548053235.94,3344,705
28261,1548053235.96,3076,5096
27005,1548053235.98,3344,706
28261,1548053236.00,3072,5056
27005,1548053236.02,3343,711
28261,1548053236.04,3052,5024
27005,1548053236.06,3343,717
28261,1548053236.08,3032,5006
27005,1548053236.10,3342,717
28261,1548053236.12,3024,4981
27005,1548053236.14,3342,711
28261,1548053236.16,3018,4956
27005,1548053236.18,3342,706
28261,1548053236.20,3016,4950
27005,1548053236.23,3344,706
28261,1548053236.25,3012,4950
27005,1548053236.27,3345,706
28261,1548053236.29,3009,4948
27005,1548053236.31,3345,708
28261,1548053236.34,3009,4919
27005,1548053236.36,3345,710
28261,1548053236.38,3009,4891
27005,1548053236.40,3343,710
28261,1548053236.42,3005,4886
27005,1548053236.44,3343,710
28261,1548053236.46,2999,4882
27005,1548053236.48,3343,708
28261,1548053236.50,3005,4879
27005,1548053236.52,3345,708
28261,1548053236.54,3009,4849
27005,1548053236.56,3345,710
28261,1548053236.58,3009,4775
27005,1548053236.60,3345,708
28261,1548053236.62,3005,4727
27005,1548053236.64,3345,708
28261,1548053236.67,3005,4695
27005,1548053236.69,3345,708
28261,1548053236.71,2999,4635
27005,1548053236.73,3343,708
28261,1548053236.75,2996,4597
27005,1548053236.77,3345,706
28261,1548053236.79,2993,4587
27005,1548053236.81,3347,702
28261,1548053236.84,2988,4560
27005,1548053236.92,3347,702
28261,1548053236.94,2984,4495
27005,1548053236.96,3347,698
28261,1548053236.98,2983,4452
27005,1548053237.00,3345,698
28261,1548053237.02,2983,4449
27005,1548053237.04,3343,697
28261,1548053237.07,2979,4414
27005,1548053237.09,3342,698
28261,1548053237.11,2979,4368
27005,1548053237.13,3344,697
28261,1548053237.15,2983,4338
27005,1548053237.17,3344,697
28261,1548053237.19,2983,4319
27005,1548053237.21,3344,698
28261,1548053237.23,2983,4304
27005,1548053237.25,3342,698
28261,1548053237.27,2983,4287
27005,1548053237.30,3343,697
28261,1548053237.31,2989,4282
27005,1548053237.34,3344,697
28261,1548053237.36,2989,4275
27005,1548053237.38,3344,696
28261,1548053237.40,2989,4267
27005,1548053237.42,3344,697
28261,1548053237.44,2989,4260
27005,1548053237.46,3343,698
28261,1548053237.48,3003,4256
27005,1548053237.50,3343,698
28261,1548053237.52,3027,4254
27005,1548053237.54,3343,698
28261,1548053237.56,3044,4229
27005,1548053237.58,3342,698
28261,1548053237.60,3063,4159
27005,1548053237.63,3342,697
28261,1548053237.65,3068,4094
27005,1548053237.67,3342,697
28261,1548053237.69,3068,4094
27005,1548053237.71,3342,697
28261,1548053237.73,3093,4070
27005,1548053237.75,3340,697
28261,1548053237.77,3134,4022
27005,1548053237.79,3339,698
28261,1548053237.81,3185,3981
27005,1548053237.84,3338,699
28261,1548053237.86,3219,3977
27005,1548053237.88,3339,699
28261,1548053237.91,3251,3952
27005,1548053237.93,3339,700
28261,1548053237.95,3278,3900
27005,1548053237.97,3339,700
28261,1548053237.99,3340,3826
27005,1548053238.01,3339,703
28261,1548053238.04,3402,3777
27005,1548053238.06,3339,703
28261,1548053238.08,3422,3768
27005,1548053238.10,3339,706
28261,1548053238.12,3430,3745
27005,1548053238.15,3339,707
28261,1548053238.17,3443,3673
27005,1548053238.19,3339,706
28261,1548053238.21,3454,3602
27005,1548053238.24,3339,707
28261,1548053238.26,3463,3551
27005,1548053238.28,3339,707
28261,1548053238.30,3478,3511
27005,1548053238.32,3339,708
28261,1548053238.34,3500,3489
27005,1548053238.36,3338,711
28261,1548053238.38,3534,3469
27005,1548053238.40,3337,711
28261,1548053238.42,3579,3454
27005,1548053238.44,3335,711
28261,1548053238.47,3627,3442
27005,1548053238.49,3336,711
28261,1548053238.51,3653,3437
27005,1548053238.53,3336,711
28261,1548053238.56,3653,3437
27005,1548053238.58,3336,717
28261,1548053238.60,3676,3433
27005,1548053238.62,3335,719
28261,1548053238.64,3702,3425
27005,1548053238.66,3334,719
28261,1548053238.68,3723,3411
27005,1548053238.70,3333,717
28261,1548053238.72,3768,3401
27005,1548053238.74,3333,717
28261,1548053238.76,3813,3401
27005,1548053238.79,3333,719
28261,1548053238.81,3847,3397
27005,1548053238.83,3333,718
28261,1548053238.85,3889,3389
27005,1548053238.87,3333,718
28261,1548053238.89,3924,3384
27005,1548053238.91,3333,721
28261,1548053238.94,3945,3375
27005,1548053238.96,3333,721
28261,1548053238.98,3993,3370
27005,1548053239.00,3333,721
28261,1548053239.02,4054,3370
27005,1548053239.04,3333,724
28261,1548053239.06,4128,3370
27005,1548053239.08,3335,721
28261,1548053239.11,4227,3370
27005,1548053239.13,3335,724
28261,1548053239.15,4295,3370
27005,1548053239.18,3333,724
28261,1548053239.20,4324,3379
27005,1548053239.22,3333,722
28261,1548053239.24,4344,3384
27005,1548053239.26,3333,722
28261,1548053239.28,4379,3379
27005,1548053239.30,3333,721
28261,1548053239.32,4430,3379
27005,1548053239.35,3335,721
28261,1548053239.37,4466,3370
27005,1548053239.40,3335,721
28261,1548053239.42,4482,3379
27005,1548053239.44,3335,714
28261,1548053239.46,4489,3370
27005,1548053239.48,3333,721
28261,1548053239.50,4520,3356
27005,1548053239.52,3333,714
28261,1548053239.54,4591,3356
27005,1548053239.56,3333,707
28261,1548053239.58,4646,3370
27005,1548053239.60,3333,704
28261,1548053239.62,4759,3370
27005,1548053239.64,3332,699
28261,1548053239.66,4860,3370
27005,1548053239.69,3332,699
28261,1548053239.71,4866,3370
27005,1548053239.73,3332,699
28261,1548053239.75,4876,3356
27005,1548053239.77,3331,694
28261,1548053239.80,4892,3343
27005,1548053239.82,3330,694
28261,1548053239.84,4902,3341
27005,1548053239.86,3329,692
28261,1548053239.88,4912,3340
27005,1548053239.90,3329,689
28261,1548053239.92,4921,3338
27005,1548053239.94,3329,689
28261,1548053239.96,4950,3336
27005,1548053239.98,3328,689
28261,1548053240.01,4986,3335
27005,1548053240.03,3326,686
28261,1548053240.05,5034,3333
27005,1548053240.07,3322,676
28261,1548053240.09,5082,3329
27005,1548053240.12,3322,676
28261,1548053240.14,5137,3322
27005,1548053240.16,3318,659
28261,1548053240.18,5194,3322
27005,1548053240.21,3312,648
28261,1548053240.23,5213,3303
27005,1548053240.25,3307,642
28261,1548053240.27,5228,3294
27005,1548053240.29,3306,642
28261,1548053240.31,5240,3291
27005,1548053240.33,3306,642
28261,1548053240.35,5246,3268
27005,1548053240.37,3302,633
28261,1548053240.39,5267,3238
27005,1548053240.41,3302,633
28261,1548053240.43,5297,3223
27005,1548053240.45,3297,632
28261,1548053240.48,5315,3223
27005,1548053240.50,3297,628
28261,1548053240.52,5325,3223
27005,1548053240.54,3297,628
28261,1548053240.56,5330,3223
27005,1548053240.58,3297,624
28261,1548053240.60,5333,3223
27005,1548053240.62,3297,624
28261,1548053240.64,5335,3223
27005,1548053240.66,3297,624
28261,1548053240.68,5339,3223
27005,1548053240.70,3295,622
28261,1548053240.72,5362,3229
27005,1548053240.74,3295,622
28261,1548053240.76,5392,3253
27005,1548053240.78,3295,622
28261,1548053240.80,5405,3299
27005,1548053240.83,3295,624
28261,1548053240.85,5411,3299
27005,1548053240.87,3295,624
28261,1548053240.89,5414,3299
27005,1548053240.91,3297,628
28261,1548053240.93,5423,3299
27005,1548053240.95,3297,631
28261,1548053240.97,5435,3318
27005,1548053240.99,3299,633
28261,1548053241.01,5442,3333
27005,1548053241.03,3299,634
28261,1548053241.06,5448,3334
27005,1548053241.09,3300,636
28261,1548053241.11,5453,3336
27005,1548053241.13,3300,636
28261,1548053241.15,5464,3337
27005,1548053241.17,3302,636
28261,1548053241.19,5471,3338
27005,1548053241.21,3303,638
28261,1548053241.24,5476,3338
27005,1548053241.26,3304,639
28261,1548053241.28,5482,3340
27005,1548053241.30,3305,639
28261,1548053241.32,5485,3340
27005,1548053241.34,3307,641
28261,1548053241.37,5490,3340
27005,1548053241.39,3307,641
28261,1548053241.41,5495,3340
27005,1548053241.43,3307,641
28261,1548053241.45,5497,3340
27005,1548053241.47,3308,642
28261,1548053241.49,5499,3340
27005,1548053241.51,3308,642
28261,1548053241.53,5502,3340
27005,1548053241.55,3310,642
28261,1548053241.57,5505,3340
27005,1548053241.59,3310,642
28261,1548053241.61,5506,3340
27005,1548053241.63,3311,642
28261,1548053241.65,5506,3340
27005,1548053241.67,3311,640
28261,1548053241.70,5507,3340
27005,1548053241.72,3312,642
28261,1548053241.74,5507,3340
27005,1548053241.76,3312,642
28261,1548053241.78,5507,3338
27005,1548053241.80,3312,640
28261,1548053241.82,5507,3337
27005,1548053241.85,3314,642
28261,1548053241.87,5507,3335
27005,1548053241.89,3315,644
28261,1548053241.91,5507,3324
27005,1548053241.99,3315,644
28261,1548053242.00,5510,3311
27005,1548053242.02,3315,644
28261,1548053242.05,5513,3302
27005,1548053242.07,3316,642
28261,1548053242.09,5519,3292
27005,1548053242.11,3318,642
28261,1548053242.13,5529,3284
27005,1548053242.15,3320,642
28261,1548053242.17,5529,3284
27005,1548053242.19,3318,642
28261,1548053242.21,5534,3278
27005,1548053242.24,3318,641
28261,1548053242.26,5541,3278
27005,1548053242.28,3321,641
28261,1548053242.30,5547,3273
27005,1548053242.32,3321,639
28261,1548053242.34,5563,3269
27005,1548053242.37,3323,641
28261,1548053242.39,5585,3264
27005,1548053242.41,3326,641
28261,1548053242.43,5598,3256
27005,1548053242.45,3328,642
28261,1548053242.47,5614,3251
27005,1548053242.49,3326,641
28261,1548053242.51,5627,3247
27005,1548053242.53,3325,639
28261,1548053242.55,5636,3247
27005,1548053242.57,3325,639
28261,1548053242.59,5636,3247
27005,1548053242.61,3327,641
28261,1548053242.64,5691,3247
27005,1548053242.66,3328,643
28261,1548053242.68,5759,3247
27005,1548053242.70,3328,646
28261,1548053242.72,5770,3247
27005,1548053242.74,3328,646
28261,1548053242.76,5770,3247
27005,1548053242.78,3329,646
28261,1548053242.80,5770,3247
27005,1548053242.82,3329,647
28261,1548053242.84,5770,3247
27005,1548053242.86,3328,647
28261,1548053242.89,5770,3254
27005,1548053242.91,3328,646
28261,1548053242.93,5770,3264
27005,1548053242.96,3327,646
28261,1548053242.98,5770,3269
27005,1548053243.00,3326,647
28261,1548053243.02,5770,3283
27005,1548053243.04,3326,646
28261,1548053243.07,5770,3298
27005,1548053243.09,3327,647
28261,1548053243.11,5770,3303
27005,1548053243.13,3327,647
28261,1548053243.15,5770,3303
27005,1548053243.17,3327,646
28261,1548053243.19,5770,3322
27005,1548053243.21,3326,646
28261,1548053243.23,5753,3349
27005,1548053243.25,3326,646
28261,1548053243.27,5742,3381
27005,1548053243.30,3326,646
28261,1548053243.32,5737,3418
27005,1548053243.35,3324,646
28261,1548053243.37,5730,3447
27005,1548053243.39,3324,646
28261,1548053243.41,5605,3469
27005,1548053243.43,3324,646
28261,1548053243.45,5605,3474
27005,1548053243.47,3326,647
28261,1548053243.50,5458,3516
27005,1548053243.52,3326,650
28261,1548053243.54,5425,3553
27005,1548053243.56,3326,650
28261,1548053243.58,5416,3554
27005,1548053243.61,3326,655
28261,1548053243.63,5407,3554
27005,1548053243.65,3324,655
28261,1548053243.67,5394,3554
27005,1548053243.69,3323,652
28261,1548053243.71,5394,3554
27005,1548053243.74,3323,647
28261,1548053243.76,5394,3554
27005,1548053243.78,3323,647
28261,1548053243.80,5394,3554
27005,1548053243.82,3323,652
28261,1548053243.84,5394,3554
27005,1548053243.87,3323,647
28261,1548053243.89,5394,3554
27005,1548053243.91,3322,647
28261,1548053243.93,5394,3554
27005,1548053243.95,3321,646
28261,1548053243.97,5394,3554
27005,1548053243.99,3316,646
28261,1548053244.01,5393,3554
27005,1548053244.03,3317,646
28261,1548053244.05,5393,3553
27005,1548053244.08,3315,646
28261,1548053244.10,5393,3552
27005,1548053244.12,3313,646
28261,1548053244.14,5393,3532
27005,1548053244.16,3312,642
28261,1548053244.18,5393,3532
27005,1548053244.20,3310,640
28261,1548053244.22,5393,3532
27005,1548053244.24,3310,646
28261,1548053244.26,5398,3495
27005,1548053244.28,3308,640
28261,1548053244.30,5400,3337
27005,1548053244.33,3308,640
28261,1548053244.35,5402,3182
27005,1548053244.37,3308,640
28261,1548053244.39,5405,3167
27005,1548053244.41,3308,642
28261,1548053244.43,5407,3167
27005,1548053244.45,3307,642
28261,1548053244.47,5408,3167
27005,1548053244.50,3307,654
28261,1548053244.52,5408,3162
27005,1548053244.54,3309,654
28261,1548053244.56,5414,3162
27005,1548053244.58,3312,659
28261,1548053244.60,5422,3162
27005,1548053244.62,3313,662
28261,1548053244.64,5424,3162
27005,1548053244.67,3312,659
28261,1548053244.69,5425,3162
27005,1548053244.71,3312,659
28261,1548053244.73,5428,3162
27005,1548053244.75,3309,654
28261,1548053244.77,5432,3162
27005,1548053244.80,3312,654
28261,1548053244.82,5436,3162
27005,1548053244.84,3312,654
28261,1548053244.86,5442,3162
27005,1548053244.89,3309,642
28261,1548053244.91,5448,3162
27005,1548053244.93,3306,631
28261,1548053244.95,5452,3153
27005,1548053244.97,3309,642
28261,1548053244.99,5452,3140
27005,1548053245.01,3312,654
28261,1548053245.03,5455,3153
27005,1548053245.05,3315,659
28261,1548053245.07,5459,3162
27005,1548053245.10,3313,659
28261,1548053245.12,5461,3163
27005,1548053245.14,3315,662
28261,1548053245.16,5465,3171
27005,1548053245.18,3315,662
28261,1548053245.20,5470,3185
27005,1548053245.23,3318,662
28261,1548053245.25,5473,3200
27005,1548053245.27,3321,667
28261,1548053245.29,5491,3205
27005,1548053245.31,3321,667
28261,1548053245.33,5509,3207
27005,1548053245.36,3321,666
28261,1548053245.38,5511,3215
27005,1548053245.40,3323,666
28261,1548053245.42,5561,3224
27005,1548053245.44,3323,667
28261,1548053245.46,5612,3228
27005,1548053245.48,3324,669
28261,1548053245.50,5651,3231
27005,1548053245.52,3324,668
28261,1548053245.54,5692,3237
27005,1548053245.56,3325,675
28261,1548053245.58,5702,3257
27005,1548053245.60,3324,677
28261,1548053245.62,5714,3286
27005,1548053245.65,3324,674
28261,1548053245.67,5721,3316
27005,1548053245.69,3323,674
28261,1548053245.71,5782,3318
27005,1548053245.73,3323,677
28261,1548053245.75,5865,3335
27005,1548053245.77,3324,681
28261,1548053245.79,5984,3346
27005,1548053245.81,3325,681
28261,1548053245.84,6093,3351
27005,1548053245.86,3325,686
28261,1548053245.88,6120,3360
27005,1548053245.90,3324,693
28261,1548053245.92,6136,3361
27005,1548053245.94,3325,704
28261,1548053245.96,6146,3363
27005,1548053245.98,3325,704
28261,1548053246.00,6176,3363
27005,1548053246.03,3327,712
28261,1548053246.05,6203,3365
27005,1548053246.07,3327,712
28261,1548053246.09,6219,3365
27005,1548053246.11,3330,716
28261,1548053246.13,6263,3365
27005,1548053246.15,3333,717
28261,1548053246.17,6321,3365
27005,1548053246.19,3333,719
28261,1548053246.21,6359,3365
27005,1548053246.23,3333,719
28261,1548053246.25,6374,3365
27005,1548053246.27,3334,719
28261,1548053246.29,6387,3365
27005,1548053246.31,3335,719
28261,1548053246.34,6425,3365
27005,1548053246.36,3335,719
28261,1548053246.38,6460,3365
27005,1548053246.40,3335,719
28261,1548053246.42,6500,3365
27005,1548053246.44,3336,719
28261,1548053246.46,6542,3363
27005,1548053246.48,3336,719
28261,1548053246.51,6580,3362
27005,1548053246.53,3336,719
28261,1548053246.55,6620,3361
27005,1548053246.57,3336,722
28261,1548053246.59,6635,3360
27005,1548053246.61,3336,726
28261,1548053246.63,6639,3332
27005,1548053246.65,3336,726
28261,1548053246.67,6643,3283
27005,1548053246.69,3336,726
28261,1548053246.71,6648,3258
27005,1548053246.73,3337,726
28261,1548053246.75,6648,3252
27005,1548053246.77,3337,728
28261,1548053246.79,6685,3230
27005,1548053246.81,3337,728
28261,1548053246.83,6722,3212
27005,1548053246.85,3337,728
28261,1548053246.87,6722,3202
27005,1548053246.90,3337,730
28261,1548053246.92,6729,3151
27005,1548053246.94,3337,730
28261,1548053246.96,6729,3086
27005,1548053246.98,3337,732
28261,1548053247.06,6729,3061
27005,1548053247.08,3337,732
28261,1548053247.10,6729,3051
27005,1548053247.12,3337,732
28261,1548053247.14,6729,3038
27005,1548053247.17,3337,734
28261,1548053247.19,6729,3031
27005,1548053247.21,3337,735
28261,1548053247.23,6729,3026
27005,1548053247.25,3337,735
28261,1548053247.27,6729,3009
27005,1548053247.29,3336,737
28261,1548053247.31,6729,2986
27005,1548053247.34,3335,738
28261,1548053247.36,6729,2978
27005,1548053247.38,3335,735
28261,1548053247.40,6729,2938
27005,1548053247.42,3335,735
28261,1548053247.44,6729,2811
27005,1548053247.47,3335,735
28261,1548053247.49,6713,2692
27005,1548053247.51,3335,738
28261,1548053247.53,6713,2613
27005,1548053247.55,3334,735
28261,1548053247.57,6674,2492
27005,1548053247.59,3334,735
28261,1548053247.61,6638,2405
27005,1548053247.63,3333,735
28261,1548053247.65,6618,2370
27005,1548053247.67,3333,735
28261,1548053247.69,6598,2258
27005,1548053247.71,3333,735
28261,1548053247.73,6575,2145
27005,1548053247.75,3332,738
28261,1548053247.77,6558,2121
27005,1548053247.80,3333,738
28261,1548053247.82,6556,2105
27005,1548053247.84,3334,740
28261,1548053247.87,6543,2086
27005,1548053247.89,3334,738
28261,1548053247.91,6527,2079
27005,1548053247.93,3334,738
28261,1548053247.95,6507,2079
27005,1548053247.97,3334,740
28261,1548053247.99,6488,2079
27005,1548053248.02,3335,740
28261,1548053248.04,6483,2079
27005,1548053248.06,3334,740
28261,1548053248.08,6466,2079
27005,1548053248.10,3334,740
28261,1548053248.12,6442,2079
27005,1548053248.14,3334,740
28261,1548053248.16,6420,2079
27005,1548053248.18,3335,740
28261,1548053248.20,6403,2079
27005,1548053248.23,3335,736
28261,1548053248.25,6395,2079
27005,1548053248.27,3336,736
28261,1548053248.29,6381,2086
27005,1548053248.31,3336,733
28261,1548053248.33,6368,2086
27005,1548053248.36,3336,733
28261,1548053248.38,6360,2093
27005,1548053248.40,3336,733
28261,1548053248.42,6339,2104
27005,1548053248.44,3336,732
28261,1548053248.46,6339,2115
27005,1548053248.48,3336,732
28261,1548053248.51,6298,2119
27005,1548053248.53,3336,732
28261,1548053248.55,6298,2121
27005,1548053248.57,3337,732
28261,1548053248.59,6271,2123
27005,1548053248.61,3337,731
28261,1548053248.63,6269,2123
27005,1548053248.65,3337,731
28261,1548053248.67,6256,2130
27005,1548053248.69,3336,731
28261,1548053248.71,6216,2144
27005,1548053248.73,3336,731
28261,1548053248.75,6180,2158
27005,1548053248.77,3336,731
28261,1548053248.79,6132,2158
27005,1548053248.82,3336,732
28261,1548053248.85,6086,2162
27005,1548053248.87,3336,732
28261,1548053248.89,6067,2176
27005,1548053248.91,3336,732
28261,1548053248.93,6051,2193
27005,1548053248.96,3336,732
28261,1548053248.98,6014,2206
27005,1548053249.00,3336,732
28261,1548053249.02,5973,2218
27005,1548053249.04,3336,731
28261,1548053249.06,5955,2229
27005,1548053249.08,3337,731
28261,1548053249.10,5939,2242
27005,1548053249.12,3336,730
28261,1548053249.14,5928,2252
27005,1548053249.16,3336,730
28261,1548053249.18,5919,2258
27005,1548053249.20,3335,731
28261,1548053249.22,5907,2265
27005,1548053249.25,3335,731
28261,1548053249.27,5898,2272
27005,1548053249.29,3335,731
28261,1548053249.31,5880,2274
27005,1548053249.32,3335,731
28261,1548053249.35,5847,2307
27005,1548053249.37,3334,731
28261,1548053249.39,5829,2339
27005,1548053249.41,3334,730
28261,1548053249.43,5821,2347
27005,1548053249.45,3332,728
28261,1548053249.47,5808,2359
27005,1548053249.49,3330,730
28261,1548053249.51,5789,2390
27005,1548053249.53,3330,732
28261,1548053249.55,5776,2418
27005,1548053249.58,3330,732
28261,1548053249.60,5694,2444
27005,1548053249.62,3330,732
28261,1548053249.64,5600,2478
27005,1548053249.66,3329,732
28261,1548053249.69,5584,2490
27005,1548053249.71,3329,736
28261,1548053249.73,5584,2498
27005,1548053249.75,3328,732
28261,1548053249.77,5581,2514
27005,1548053249.80,3327,728
28261,1548053249.82,5563,2552
27005,1548053249.84,3327,726
28261,1548053249.86,5542,2578
27005,1548053249.88,3327,728
28261,1548053249.90,5539,2594
27005,1548053249.92,3328,726
28261,1548053249.94,5537,2620
27005,1548053249.96,3328,725
28261,1548053249.98,5535,2634
27005,1548053250.01,3327,725
28261,1548053250.03,5532,2644
27005,1548053250.05,3328,722
28261,1548053250.07,5532,2658
27005,1548053250.09,3328,722
28261,1548053250.11,5532,2677
27005,1548053250.13,3328,717
28261,1548053250.15,5532,2699
27005,1548053250.17,3329,717
28261,1548053250.19,5532,2712
27005,1548053250.21,3328,722
28261,1548053250.24,5532,2716
27005,1548053250.26,3329,722
28261,1548053250.28,5532,2735
27005,1548053250.30,3329,722
28261,1548053250.32,5532,2758
27005,1548053250.34,3328,717
28261,1548053250.36,5532,2766
27005,1548053250.38,3328,717
28261,1548053250.40,5535,2776
27005,1548053250.42,3328,713
28261,1548053250.44,5559,2776
27005,1548053250.46,3328,713
28261,1548053250.48,5581,2776
27005,1548053250.51,3328,713
28261,1548053250.53,5584,2776
27005,1548053250.55,3328,717
28261,1548053250.57,5595,2776
27005,1548053250.59,3328,713
28261,1548053250.63,5608,2785
27005,1548053250.65,3329,712
28261,1548053250.67,5631,2785
27005,1548053250.69,3330,714
28261,1548053250.71,5656,2788
27005,1548053250.73,3331,714
28261,1548053250.75,5688,2789
27005,1548053250.77,3332,712
28261,1548053250.80,5751,2794
27005,1548053250.82,3333,712
28261,1548053250.84,5836,2799
27005,1548053250.86,3332,712
28261,1548053250.89,5885,2800
27005,1548053250.91,3333,709
28261,1548053250.93,5895,2800
27005,1548053250.95,3333,709
28261,1548053250.97,5903,2808
27005,1548053250.99,3333,709
28261,1548053251.01,5909,2836
27005,1548053251.04,3334,712
28261,1548053251.06,5924,2857
27005,1548053251.08,3336,717
28261,1548053251.10,5960,2859
27005,1548053251.12,3338,720
28261,1548053251.14,5997,2861
27005,1548053251.16,3339,720
28261,1548053251.18,6018,2894
27005,1548053251.20,3339,721
28261,1548053251.22,6036,2927
27005,1548053251.25,3339,721
28261,1548053251.27,6043,2936
27005,1548053251.29,3339,723
28261,1548053251.31,6055,2963
27005,1548053251.35,3339,725
28261,1548053251.37,6189,2985
27005,1548053251.39,3339,725
28261,1548053251.41,6343,2987
27005,1548053251.43,3339,725
28261,1548053251.45,6380,3011
27005,1548053251.47,3339,727
28261,1548053251.49,6399,3037
27005,1548053251.51,3339,727
28261,1548053251.53,6414,3054
27005,1548053251.55,3339,729
28261,1548053251.57,6420,3074
27005,1548053251.59,3340,729
28261,1548053251.61,6424,3084
27005,1548053251.63,3341,730
28261,1548053251.65,6448,3089
27005,1548053251.67,3343,732
28261,1548053251.70,6456,3089
27005,1548053251.72,3343,732
28261,1548053251.74,6456,3089
27005,1548053251.76,3341,732
28261,1548053251.78,6484,3095
27005,1548053251.80,3341,732
28261,1548053251.82,6498,3098
27005,1548053251.84,3341,732
28261,1548053251.86,6498,3098
27005,1548053251.88,3341,732
28261,1548053251.90,6500,3103
27005,1548053251.92,3341,734
28261,1548053251.94,6500,3106
27005,1548053251.96,3341,734
28261,1548053251.98,6506,3106
27005,1548053252.00,3341,737
28261,1548053252.02,6512,3108
27005,1548053252.04,3343,737
28261,1548053252.12,6514,3110
27005,1548053252.14,3343,737
28261,1548053252.16,6516,3111
27005,1548053252.18,3343,737
28261,1548053252.21,6521,3114
27005,1548053252.23,3343,737
28261,1548053252.25,6539,3119
27005,1548053252.27,3343,734
28261,1548053252.29,6553,3114
27005,1548053252.31,3343,737
28261,1548053252.33,6565,3111
27005,1548053252.35,3342,734
28261,1548053252.37,6578,3110
27005,1548053252.40,3340,735
28261,1548053252.42,6580,3110
27005,1548053252.44,3340,731
28261,1548053252.46,6586,3108
27005,1548053252.48,3339,732
28261,1548053252.50,6586,3106
27005,1548053252.52,3339,732
28261,1548053252.55,6599,3106
27005,1548053252.57,3338,732
28261,1548053252.60,6607,3103
27005,1548053252.62,3339,732
28261,1548053252.64,6607,3098
27005,1548053252.66,3339,732
28261,1548053252.68,6607,3095
27005,1548053252.70,3339,732
28261,1548053252.72,6607,3095
27005,1548053252.74,3339,732
28261,1548053252.76,6607,3095
27005,1548053252.78,3339,735
28261,1548053252.80,6607,3085
27005,1548053252.82,3339,738
28261,1548053252.85,6607,3078
27005,1548053252.87,3339,736
28261,1548053252.89,6593,3076
27005,1548053252.91,3339,734
28261,1548053252.93,6640,3068
27005,1548053252.95,3338,732
28261,1548053252.97,6676,3059
27005,1548053252.99,3337,731
28261,1548053253.01,6676,3042
27005,1548053253.03,3337,731
28261,1548053253.05,6676,3034
27005,1548053253.07,3336,731
28261,1548053253.10,6676,2995
27005,1548053253.12,3336,728
28261,1548053253.14,6676,2925
27005,1548053253.16,3336,728
28261,1548053253.18,6676,2869
27005,1548053253.20,3336,731
28261,1548053253.22,6676,2855
27005,1548053253.24,3336,728
28261,1548053253.26,6676,2804
27005,1548053253.28,3336,731
28261,1548053253.31,6676,2764
27005,1548053253.33,3336,729
28261,1548053253.35,6676,2740
27005,1548053253.37,3336,729
28261,1548053253.39,6635,2701
27005,1548053253.41,3335,727
28261,1548053253.43,6591,2682
27005,1548053253.45,3335,729
28261,1548053253.47,6576,2676
27005,1548053253.49,3333,730
28261,1548053253.51,6553,2668
27005,1548053253.53,3333,732
28261,1548053253.55,6499,2663
27005,1548053253.57,3333,732
28261,1548053253.59,6459,2656
27005,1548053253.61,3331,732
28261,1548053253.63,6443,2634
27005,1548053253.66,3331,732
28261,1548053253.68,6419,2598
27005,1548053253.70,3333,733
28261,1548053253.72,6404,2575
27005,1548053253.74,3335,733
28261,1548053253.76,6396,2565
27005,1548053253.78,3335,733
28261,1548053253.80,6378,2556
27005,1548053253.82,3336,734
28261,1548053253.84,6354,2525
27005,1548053253.86,3335,734
28261,1548053253.88,6322,2492
27005,1548053253.90,3333,734
28261,1548053253.92,6298,2488
27005,1548053253.95,3333,737
28261,1548053253.96,6285,2487
27005,1548053253.98,3333,737
28261,1548053254.00,6248,2474
27005,1548053254.02,3333,734
28261,1548053254.05,6217,2458
27005,1548053254.07,3331,733
28261,1548053254.09,6202,2450
27005,1548053254.11,3331,733
28261,1548053254.13,6189,2450
27005,1548053254.15,3331,733
28261,1548053254.17,6185,2450
27005,1548053254.19,3333,733
28261,1548053254.21,6169,2450
27005,1548053254.23,3333,733
28261,1548053254.25,6147,2441
27005,1548053254.27,3333,733
28261,1548053254.29,6114,2435
27005,1548053254.32,3333,738
28261,1548053254.34,6073,2435
27005,1548053254.36,3333,738
28261,1548053254.38,6053,2435
27005,1548053254.40,3333,739
28261,1548053254.42,6013,2435
27005,1548053254.45,3333,733
28261,1548053254.47,5963,2435
27005,1548053254.49,3333,739
28261,1548053254.51,5944,2435
27005,1548053254.53,3333,733
28261,1548053254.55,5888,2445
27005,1548053254.57,3333,739
28261,1548053254.59,5789,2454
27005,1548053254.61,3335,746
28261,1548053254.63,5722,2458
27005,1548053254.65,3337,746
28261,1548053254.67,5679,2465
27005,1548053254.70,3337,746
28261,1548053254.72,5646,2469
27005,1548053254.74,3338,748
28261,1548053254.76,5620,2478
27005,1548053254.78,3338,746
28261,1548053254.80,5586,2487
27005,1548053254.82,3338,739
28261,1548053254.84,5568,2488
27005,1548053254.87,3338,739
28261,1548053254.89,5565,2492
27005,1548053254.91,3338,734
28261,1548053254.93,5549,2509
27005,1548053254.95,3336,733
28261,1548053254.98,5533,2547
27005,1548053255.00,3336,733
28261,1548053255.02,5528,2583
27005,1548053255.05,3335,733
28261,1548053255.07,5528,2599
27005,1548053255.09,3335,730
28261,1548053255.11,5528,2617
27005,1548053255.13,3337,730
28261,1548053255.15,5528,2629
27005,1548053255.17,3338,733
28261,1548053255.19,5528,2651
27005,1548053255.21,3338,733
28261,1548053255.23,5528,2713
27005,1548053255.26,3340,730
28261,1548053255.28,5528,2758
27005,1548053255.30,3340,727
28261,1548053255.32,5528,2770
27005,1548053255.34,3341,730
28261,1548053255.36,5528,2815
27005,1548053255.38,3342,728
28261,1548053255.40,5528,2854
27005,1548053255.42,3343,728
28261,1548053255.45,5528,2870
27005,1548053255.47,3343,731
28261,1548053255.49,5528,2914
27005,1548053255.51,3342,734
28261,1548053255.53,5528,2948
27005,1548053255.55,3343,735
28261,1548053255.58,5533,2958
27005,1548053255.60,3345,735
28261,1548053255.62,5538,2963
27005,1548053255.64,3345,735
28261,1548053255.66,5542,2967
27005,1548053255.68,3345,734
28261,1548053255.70,5550,2969
27005,1548053255.72,3345,734
28261,1548053255.74,5562,2970
27005,1548053255.76,3346,734
28261,1548053255.79,5570,2972
27005,1548053255.81,3346,735
28261,1548053255.83,5613,2975
27005,1548053255.85,3345,734
28261,1548053255.87,5661,2977
27005,1548053255.89,3345,734
28261,1548053255.92,5677,2981
27005,1548053255.94,3345,734
28261,1548053255.96,5686,2984
27005,1548053255.98,3345,734
28261,1548053256.00,5702,2991
27005,1548053256.01,3343,734
28261,1548053256.03,5724,2996
27005,1548053256.06,3341,734
28261,1548053256.08,5740,2996
27005,1548053256.10,3341,734
28261,1548053256.12,5758,2998
27005,1548053256.14,3341,734
28261,1548053256.16,5768,2996
27005,1548053256.18,3343,735
28261,1548053256.20,5771,2998
27005,1548053256.22,3343,735
28261,1548053256.24,5776,3001
27005,1548053256.26,3343,735
28261,1548053256.28,5779,3002
27005,1548053256.30,3343,734
28261,1548053256.32,5796,3003
27005,1548053256.35,3342,737
28261,1548053256.37,5832,3005
27005,1548053256.39,3341,734
28261,1548053256.41,5875,3005
27005,1548053256.43,3341,734
28261,1548053256.45,5908,3005
27005,1548053256.47,3341,734
28261,1548053256.49,5922,3005
27005,1548053256.51,3341,734
28261,1548053256.53,5980,3003
27005,1548053256.55,3341,737
28261,1548053256.57,6038,3003
27005,1548053256.60,3340,737
28261,1548053256.62,6067,3003
27005,1548053256.64,3340,739
28261,1548053256.66,6095,3002
27005,1548053256.68,3340,739
28261,1548053256.70,6112,3002
27005,1548053256.72,3339,737
28261,1548053256.74,6136,3002
27005,1548053256.76,3338,737
28261,1548053256.78,6179,3002
27005,1548053256.80,3337,737
28261,1548053256.83,6214,3002
27005,1548053256.85,3337,737
28261,1548053256.87,6223,3002
27005,1548053256.89,3337,739
28261,1548053256.91,6232,3002
27005,1548053256.93,3337,739
28261,1548053256.95,6261,2999
27005,1548053256.97,3337,739
28261,1548053257.00,6297,2995
27005,1548053257.02,3335,739
28261,1548053257.04,6312,2988
27005,1548053257.06,3334,739
28261,1548053257.08,6319,2973
27005,1548053257.10,3335,739
28261,1548053257.12,6324,2944
27005,1548053257.20,3334,739
28261,1548053257.22,6345,2922
27005,1548053257.25,3334,742
28261,1548053257.27,6365,2916
27005,1548053257.29,3334,739
28261,1548053257.32,6366,2903
27005,1548053257.34,3334,742
28261,1548053257.36,6398,2862
27005,1548053257.39,3334,742
28261,1548053257.41,6434,2828
27005,1548053257.43,3334,742
28261,1548053257.45,6473,2765
27005,1548053257.47,3334,743
28261,1548053257.49,6510,2703
27005,1548053257.51,3332,741
28261,1548053257.53,6516,2679
27005,1548053257.55,3332,743
28261,1548053257.57,6520,2656
27005,1548053257.59,3330,744
28261,1548053257.61,6522,2654
27005,1548053257.63,3330,744
28261,1548053257.65,6524,2652
27005,1548053257.67,3330,745
28261,1548053257.69,6526,2651
27005,1548053257.71,3330,745
28261,1548053257.73,6528,2651
27005,1548053257.75,3329,745
28261,1548053257.77,6528,2651
27005,1548053257.79,3330,744
28261,1548053257.81,6532,2651
27005,1548053257.83,3330,744
28261,1548053257.85,6536,2651
27005,1548053257.88,3330,743
28261,1548053257.90,6536,2651
27005,1548053257.92,3329,740
28261,1548053257.94,6536,2651
27005,1548053257.96,3329,738
28261,1548053257.99,6536,2651
27005,1548053258.01,3329,736
28261,1548053258.03,6532,2651
27005,1548053258.05,3329,738
28261,1548053258.07,6528,2651
27005,1548053258.09,3329,738
28261,1548053258.11,6528,2651
27005,1548053258.13,3329,738
28261,1548053258.15,6528,2651
27005,1548053258.17,3329,738
28261,1548053258.19,6528,2651
27005,1548053258.21,3329,737
28261,1548053258.23,6528,2651
27005,1548053258.25,3329,737
28261,1548053258.27,6526,2652
27005,1548053258.29,3330,736
28261,1548053258.31,6524,2658
27005,1548053258.33,3330,737
28261,1548053258.36,6523,2686
27005,1548053258.38,3330,737
28261,1548053258.40,6521,2721
27005,1548053258.42,3330,737
28261,1548053258.44,6514,2762
27005,1548053258.46,3331,737
28261,1548053258.48,6514,2805
27005,1548053258.50,3332,736
28261,1548053258.52,6496,2823
27005,1548053258.54,3332,737
28261,1548053258.56,6480,2834
27005,1548053258.58,3333,735
28261,1548053258.60,6463,2871
27005,1548053258.62,3332,735
28261,1548053258.64,6447,2923
27005,1548053258.66,3332,735
28261,1548053258.69,6425,2951
27005,1548053258.71,3333,733
28261,1548053258.73,6395,2963
27005,1548053258.75,3333,731
28261,1548053258.77,6375,2968
27005,1548053258.79,3333,731
28261,1548053258.81,6364,2973
27005,1548053258.83,3333,729
28261,1548053258.85,6351,2973
27005,1548053258.87,3333,729
28261,1548053258.89,6331,2973
27005,1548053258.91,3334,729
28261,1548053258.93,6320,2973
27005,1548053258.96,3334,731
28261,1548053258.98,6309,2973
27005,1548053258.99,3334,731
28261,1548053259.01,6296,2973
27005,1548053259.04,3334,731
28261,1548053259.06,6283,2975
27005,1548053259.08,3334,731
28261,1548053259.10,6272,2978
27005,1548053259.12,3334,731
28261,1548053259.14,6230,2980
27005,1548053259.16,3336,731
28261,1548053259.18,6159,2984
27005,1548053259.20,3334,731
28261,1548053259.22,6101,2987
27005,1548053259.24,3334,731
28261,1548053259.26,6062,2989
27005,1548053259.28,3334,731
28261,1548053259.30,6044,2992
27005,1548053259.32,3334,731
28261,1548053259.35,5999,2992
27005,1548053259.37,3334,729
28261,1548053259.39,5947,2994
27005,1548053259.41,3334,727
28261,1548053259.43,5919,2998
27005,1548053259.45,3333,725
28261,1548053259.47,5866,3004
27005,1548053259.49,3333,725
28261,1548053259.51,5803,3004
27005,1548053259.53,3333,722
28261,1548053259.55,5756,3004
27005,1548053259.57,3332,722
28261,1548053259.59,5720,3004
27005,1548053259.61,3333,722
28261,1548053259.63,5688,3004
27005,1548053259.65,3333,722
28261,1548053259.67,5642,3004
27005,1548053259.69,3333,722
28261,1548053259.71,5589,3011
27005,1548053259.73,3333,721
28261,1548053259.76,5549,3031
27005,1548053259.78,3332,721
28261,1548053259.80,5473,3048
27005,1548053259.82,3332,720
28261,1548053259.84,5405,3058
27005,1548053259.86,3333,718
28261,1548053259.88,5354,3065
27005,1548053259.90,3332,718
28261,1548053259.93,5311,3073
27005,1548053259.95,3331,718
28261,1548053259.97,5310,3091
27005,1548053259.99,3331,718
28261,1548053260.01,5307,3091
27005,1548053260.03,3332,715
28261,1548053260.05,5302,3100
27005,1548053260.07,3332,715
28261,1548053260.09,5294,3102
27005,1548053260.11,3333,712
28261,1548053260.13,5288,3102
27005,1548053260.15,3333,712
28261,1548053260.17,5274,3103
27005,1548053260.19,3333,711
28261,1548053260.21,5250,3103
27005,1548053260.23,3333,710
28261,1548053260.26,5241,3107
27005,1548053260.28,3332,710
28261,1548053260.30,5241,3113
27005,1548053260.32,3333,707
28261,1548053260.34,5241,3120
27005,1548053260.36,3333,707
28261,1548053260.39,5241,3127
27005,1548053260.41,3332,705
28261,1548053260.43,5241,3129
27005,1548053260.45,3332,705
28261,1548053260.47,5227,3134
27005,1548053260.49,3333,703
28261,1548053260.51,5222,3140
27005,1548053260.53,3333,700
28261,1548053260.55,5212,3145
27005,1548053260.57,3334,700
28261,1548053260.59,5208,3158
27005,1548053260.61,3334,700
28261,1548053260.63,5198,3166
27005,1548053260.65,3334,700
28261,1548053260.67,5186,3172
27005,1548053260.70,3334,699
28261,1548053260.71,5186,3179
27005,1548053260.73,3334,699
28261,1548053260.75,5161,3181
27005,1548053260.78,3334,699
28261,1548053260.80,5159,3184
27005,1548053260.82,3335,699
28261,1548053260.84,5128,3184
27005,1548053260.87,3334,699
28261,1548053260.89,5121,3184
27005,1548053260.92,3334,697
28261,1548053260.94,5119,3184
27005,1548053260.96,3334,696
28261,1548053260.98,5117,3199
27005,1548053261.01,3335,696
28261,1548053261.03,5109,3217
27005,1548053261.05,3335,696
28261,1548053261.08,5096,3237
27005,1548053261.09,3336,694
28261,1548053261.11,5087,3252
27005,1548053261.14,3336,692
28261,1548053261.16,5087,3403
27005,1548053261.18,3336,692
28261,1548053261.20,5087,3553
27005,1548053261.22,3339,691
28261,1548053261.24,5082,3555
27005,1548053261.27,3340,688
28261,1548053261.29,5082,3558
27005,1548053261.31,3340,686
28261,1548053261.33,5078,3561
27005,1548053261.36,3341,683
28261,1548053261.38,5079,3561
27005,1548053261.40,3340,678
28261,1548053261.42,5079,3561
27005,1548053261.44,3341,678
28261,1548053261.45,5079,3561
27005,1548053261.47,3341,678
28261,1548053261.49,5079,3561
27005,1548053261.51,3340,678
28261,1548053261.53,5079,3561
27005,1548053261.55,3340,676
28261,1548053261.58,5079,3561
27005,1548053261.60,3341,676
28261,1548053261.62,5079,3561
27005,1548053261.64,3340,675
28261,1548053261.66,5079,3561
27005,1548053261.68,3340,676
28261,1548053261.70,5079,3561
27005,1548053261.72,3340,675
28261,1548053261.74,5079,3561
27005,1548053261.76,3340,675
28261,1548053261.78,5079,3561
27005,1548053261.80,3338,675
28261,1548053261.82,5087,3558
27005,1548053261.84,3336,675
28261,1548053261.87,5093,3555
27005,1548053261.89,3336,673
28261,1548053261.91,5097,3553
27005,1548053261.93,3336,672
28261,1548053261.95,5135,3441
27005,1548053261.97,3338,671
28261,1548053261.99,5190,3249
27005,1548053262.01,3338,671
28261,1548053262.03,5215,3170
27005,1548053262.05,3338,672
28261,1548053262.07,5221,3168
27005,1548053262.09,3337,672
28261,1548053262.11,5221,3168
27005,1548053262.13,3337,672
28261,1548053262.15,5224,3159
27005,1548053262.18,3337,672
28261,1548053262.20,5228,3149
27005,1548053262.28,3336,673
28261,1548053262.30,5231,3147
27005,1548053262.32,3335,673
28261,1548053262.34,5232,3146
27005,1548053262.36,3334,672
28261,1548053262.38,5233,3146
27005,1548053262.40,3331,672
28261,1548053262.42,5234,3146
27005,1548053262.44,3330,673
28261,1548053262.47,5234,3142
27005,1548053262.49,3330,675
28261,1548053262.51,5234,3140
27005,1548053262.53,3329,675
28261,1548053262.55,5234,3135
27005,1548053262.57,3328,675
28261,1548053262.60,5235,3133
27005,1548053262.62,3328,675
28261,1548053262.64,5235,3132
27005,1548053262.66,3327,675
28261,1548053262.68,5235,3130
27005,1548053262.70,3327,676
28261,1548053262.72,5235,3128
27005,1548053262.75,3327,676
28261,1548053262.77,5235,3128
27005,1548053262.79,3327,676
28261,1548053262.81,5236,3127
27005,1548053262.83,3327,676
28261,1548053262.85,5236,3125
27005,1548053262.87,3327,677
28261,1548053262.89,5237,3121
27005,1548053262.92,3327,679
28261,1548053262.94,5236,3119
27005,1548053262.96,3327,680
28261,1548053262.98,5236,3119
27005,1548053263.00,3327,682
28261,1548053263.02,5237,3121
27005,1548053263.04,3328,685
28261,1548053263.06,5243,3121
27005,1548053263.08,3328,687
28261,1548053263.10,5237,3121
27005,1548053263.12,3328,687
28261,1548053263.15,5237,3119
27005,1548053263.17,3328,692
28261,1548053263.19,5237,3117
27005,1548053263.21,3328,696
28261,1548053263.23,5236,3117
27005,1548053263.26,3328,696
28261,1548053263.28,5236,3116
27005,1548053263.30,3328,696
28261,1548053263.32,5237,3115
27005,1548053263.34,3328,696
28261,1548053263.36,5242,3110
27005,1548053263.39,3328,697
28261,1548053263.41,5236,3110
27005,1548053263.43,3328,697
28261,1548053263.45,5243,3104
27005,1548053263.47,3328,699
28261,1548053263.49,5251,3103
27005,1548053263.52,3328,701
28261,1548053263.54,5251,3100
27005,1548053263.56,3328,701
28261,1548053263.58,5252,3086
27005,1548053263.60,3328,701
28261,1548053263.62,5254,3073
27005,1548053263.64,3329,701
28261,1548053263.66,5255,3073
27005,1548053263.68,3329,701
28261,1548053263.71,5255,3066
27005,1548053263.73,3330,702
28261,1548053263.75,5255,3058
27005,1548053263.77,3331,704
28261,1548053263.79,5260,3050
27005,1548053263.81,3331,707
28261,1548053263.83,5266,3050
27005,1548053263.85,3331,709
28261,1548053263.87,5273,3050
27005,1548053263.89,3331,711
28261,1548053263.91,5283,3050
27005,1548053263.93,3333,713
28261,1548053263.95,5290,3050
27005,1548053263.97,3334,714
28261,1548053264.00,5294,3050
27005,1548053264.02,3335,716
28261,1548053264.04,5332,3050
27005,1548053264.06,3335,716
28261,1548053264.08,5332,3050
27005,1548053264.10,3336,722
28261,1548053264.12,5345,3058
27005,1548053264.14,3337,730
28261,1548053264.16,5354,3061
27005,1548053264.18,3338,731
28261,1548053264.20,5374,3068
27005,1548053264.22,3338,732
28261,1548053264.24,5374,3068
27005,1548053264.26,3339,733
28261,1548053264.28,5374,3068
27005,1548053264.30,3341,733
28261,1548053264.32,5374,3081
27005,1548053264.35,3344,733
28261,1548053264.37,5375,3096
27005,1548053264.39,3344,737
28261,1548053264.41,5380,3108
27005,1548053264.43,3341,737
28261,1548053264.45,5383,3125
27005,1548053264.47,3339,737
28261,1548053264.49,5384,3143
27005,1548053264.51,3340,746
28261,1548053264.53,5389,3151
27005,1548053264.55,3340,746
28261,1548053264.57,5389,3159
27005,1548053264.59,3340,746
28261,1548053264.61,5389,3168
27005,1548053264.63,3340,746
28261,1548053264.65,5393,3168
27005,1548053264.67,3340,746
28261,1548053264.69,5395,3181
27005,1548053264.71,3340,746
28261,1548053264.73,5391,3194
27005,1548053264.75,3340,747
28261,1548053264.77,5391,3194
27005,1548053264.80,3340,747
28261,1548053264.81,5391,3194
27005,1548053264.83,3340,747
28261,1548053264.86,5395,3199
27005,1548053264.88,3340,747
28261,1548053264.90,5395,3199
27005,1548053264.92,3340,747
28261,1548053264.94,5400,3202
27005,1548053264.96,3340,747
28261,1548053264.98,5407,3202
27005,1548053265.00,3343,747
28261,1548053265.02,5407,3202
27005,1548053265.04,3343,742
28261,1548053265.06,5413,3202
27005,1548053265.08,3343,739
28261,1548053265.10,5416,3207
27005,1548053265.12,3340,737
28261,1548053265.15,5417,3207
27005,1548053265.17,3343,735
28261,1548053265.19,5417,3209
27005,1548053265.21,3343,733
28261,1548053265.23,5419,3209
27005,1548053265.25,3340,733
28261,1548053265.27,5419,3209
27005,1548053265.30,3342,733
28261,1548053265.32,5421,3209
27005,1548053265.34,3341,733
28261,1548053265.36,5422,3209
27005,1548053265.38,3341,732
28261,1548053265.40,5423,3209
27005,1548053265.42,3340,731
28261,1548053265.44,5424,3207
27005,1548053265.46,3340,724
28261,1548053265.48,5424,3207
27005,1548053265.50,3339,724
28261,1548053265.52,5427,3207
27005,1548053265.54,3338,717
28261,1548053265.56,5430,3205
27005,1548053265.58,3338,717
28261,1548053265.60,5430,3205
27005,1548053265.63,3339,716
28261,1548053265.65,5433,3204
27005,1548053265.67,3340,712
28261,1548053265.69,5433,3205
27005,1548053265.71,3340,712
28261,1548053265.73,5433,3205
27005,1548053265.75,3341,712
28261,1548053265.77,5433,3204
27005,1548053265.79,3341,717
28261,1548053265.81,5433,3203
27005,1548053265.83,3342,712
28261,1548053265.85,5430,3202
27005,1548053265.87,3341,712
28261,1548053265.89,5433,3200
27005,1548053265.91,3342,712
28261,1548053265.93,5433,3202
27005,1548053265.95,3341,707
28261,1548053265.97,5434,3203
27005,1548053265.99,3342,707
28261,1548053266.01,5434,3203
27005,1548053266.04,3343,708
28261,1548053266.06,5434,3204
27005,1548053266.08,3343,712
28261,1548053266.10,5436,3203
27005,1548053266.12,3343,716
28261,1548053266.14,5439,3203
27005,1548053266.16,3343,708
28261,1548053266.18,5442,3202
27005,1548053266.20,3343,716
28261,1548053266.22,5446,3202
27005,1548053266.24,3343,714
28261,1548053266.26,5449,3202
27005,1548053266.28,3343,721
28261,1548053266.30,5451,3202
27005,1548053266.32,3343,724
28261,1548053266.34,5449,3199
27005,1548053266.36,3344,726
28261,1548053266.39,5446,3199
27005,1548053266.41,3344,730
28261,1548053266.43,5442,3199
27005,1548053266.45,3344,733
28261,1548053266.47,5442,3198
27005,1548053266.49,3344,733
28261,1548053266.51,5438,3198
27005,1548053266.53,3345,733
28261,1548053266.55,5434,3198
27005,1548053266.57,3345,733
28261,1548053266.59,5433,3196
27005,1548053266.61,3345,733
28261,1548053266.63,5434,3196
27005,1548053266.65,3345,736
28261,1548053266.67,5434,3198
27005,1548053266.69,3345,740
28261,1548053266.71,5434,3196
27005,1548053266.73,3346,740
28261,1548053266.75,5433,3194
27005,1548053266.77,3346,740
28261,1548053266.79,5433,3196
27005,1548053266.81,3345,740
28261,1548053266.83,5434,3196
27005,1548053266.85,3345,740
28261,1548053266.87,5438,3196
27005,1548053266.89,3346,740
28261,1548053266.91,5438,3194
27005,1548053266.93,3346,737
28261,1548053266.96,5442,3193
27005,1548053266.98,3346,735
28261,1548053267.00,5447,3193
27005,1548053267.02,3346,733
28261,1548053267.04,5452,3193
27005,1548053267.06,3346,733
28261,1548053267.08,5460,3193
27005,1548053267.11,3346,733
28261,1548053267.13,5452,3192
27005,1548053267.15,3347,733
28261,1548053267.17,5458,3192
27005,1548053267.19,3347,733
28261,1548053267.21,5458,3191
27005,1548053267.23,3346,728
28261,1548053267.25,5458,3191
27005,1548053267.27,3345,728
28261,1548053267.36,5458,3189
27005,1548053267.37,3345,721
28261,1548053267.40,5458,3189
27005,1548053267.42,3345,719
28261,1548053267.44,5458,3189
27005,1548053267.46,3345,721
28261,1548053267.49,5458,3189
27005,1548053267.51,3346,721
28261,1548053267.53,5458,3187
27005,1548053267.55,3345,724
28261,1548053267.57,5458,3187
27005,1548053267.59,3345,724
28261,1548053267.62,5458,3187
27005,1548053267.64,3345,721
28261,1548053267.66,5464,3185
27005,1548053267.68,3345,719
28261,1548053267.70,5466,3185
27005,1548053267.72,3344,718
28261,1548053267.74,5468,3185
27005,1548053267.76,3343,716
28261,1548053267.78,5468,3185
27005,1548053267.80,3343,713
28261,1548053267.82,5472,3185
27005,1548053267.84,3342,713
28261,1548053267.87,5472,3185
27005,1548053267.89,3341,713
28261,1548053267.91,5472,3184
27005,1548053267.93,3341,713
28261,1548053267.95,5472,3182
27005,1548053267.98,3340,709
28261,1548053268.00,5472,3182
27005,1548053268.01,3340,709
28261,1548053268.03,5472,3182
27005,1548053268.06,3340,713
28261,1548053268.08,5472,3182
27005,1548053268.10,3341,713
28261,1548053268.12,5472,3181
27005,1548053268.14,3340,713
28261,1548053268.16,5473,3180
27005,1548053268.18,3340,716
28261,1548053268.20,5476,3180
27005,1548053268.22,3340,716
28261,1548053268.24,5476,3180
27005,1548053268.27,3340,716
28261,1548053268.29,5473,3180
27005,1548053268.31,3339,716
28261,1548053268.33,5473,3180
27005,1548053268.35,3339,716
28261,1548053268.37,5473,3180
27005,1548053268.39,3339,716
28261,1548053268.41,5476,3180
27005,1548053268.43,3339,716
28261,1548053268.45,5476,3178
27005,1548053268.47,3339,716
28261,1548053268.50,5476,3176
27005,1548053268.52,3337,716
28261,1548053268.54,5473,3176
27005,1548053268.56,3336,716
28261,1548053268.58,5475,3176
27005,1548053268.60,3336,716
28261,1548053268.62,5475,3178
27005,1548053268.65,3336,716
28261,1548053268.67,5472,3176
27005,1548053268.69,3336,716
28261,1548053268.71,5470,3178
27005,1548053268.73,3335,716
28261,1548053268.75,5470,3178
27005,1548053268.77,3335,716
28261,1548053268.79,5470,3178
27005,1548053268.81,3335,716
28261,1548053268.83,5469,3176
27005,1548053268.85,3335,716
28261,1548053268.87,5468,3178
27005,1548053268.89,3336,716
28261,1548053268.91,5468,3180
27005,1548053268.94,3337,716
28261,1548053268.95,5467,3178
27005,1548053268.97,3338,716
28261,1548053268.99,5466,3176
27005,1548053269.02,3338,716
28261,1548053269.04,5466,3175
27005,1548053269.06,3339,717
28261,1548053269.08,5466,3174
27005,1548053269.10,3339,717
28261,1548053269.12,5467,3174
27005,1548053269.15,3340,719
28261,1548053269.17,5468,3173
27005,1548053269.19,3340,717
28261,1548053269.21,5468,3173
27005,1548053269.23,3341,720
28261,1548053269.25,5469,3172
27005,1548053269.27,3340,720
28261,1548053269.29,5468,3172
27005,1548053269.31,3339,720
28261,1548053269.33,5468,3170
27005,1548053269.36,3339,721
28261,1548053269.38,5468,3172
27005,1548053269.40,3340,722
28261,1548053269.43,5467,3172
27005,1548053269.45,3340,722
28261,1548053269.47,5466,3173
27005,1548053269.50,3340,722
28261,1548053269.52,5465,3173
27005,1548053269.54,3340,722
28261,1548053269.56,5465,3172
27005,1548053269.58,3340,723
28261,1548053269.60,5464,3173
27005,1548053269.62,3340,722
28261,1548053269.64,5464,3174
27005,1548053269.66,3340,722
28261,1548053269.68,5462,3174
27005,1548053269.70,3339,722
28261,1548053269.72,5462,3174
27005,1548053269.74,3340,722
28261,1548053269.76,5460,3175
27005,1548053269.78,3340,722
28261,1548053269.80,5458,3175
27005,1548053269.82,3340,722
28261,1548053269.84,5457,3175
27005,1548053269.87,3340,722
28261,1548053269.89,5457,3175
27005,1548053269.91,3339,722
28261,1548053269.93,5457,3175
27005,1548053269.95,3339,722
28261,1548053269.97,5456,3175
27005,1548053269.99,3339,722
28261,1548053270.01,5456,3175
27005,1548053270.03,3339,722
28261,1548053270.06,5456,3175
27005,1548053270.08,3339,722
28261,1548053270.10,5456,3175
27005,1548053270.12,3340,722
28261,1548053270.14,5456,3175
27005,1548053270.16,3340,722
28261,1548053270.19,5456,3175
27005,1548053270.21,3339,722
28261,1548053270.23,5456,3176
27005,1548053270.25,3334,722
28261,1548053270.27,5455,3176
27005,1548053270.29,3334,722
28261,1548053270.31,5456,3176
27005,1548053270.33,3333,722
28261,1548053270.35,5455,3177
27005,1548053270.37,3332,722
28261,1548053270.39,5453,3178
27005,1548053270.41,3332,721
28261,1548053270.43,5451,3180
27005,1548053270.45,3332,722
28261,1548053270.48,5451,3180
27005,1548053270.50,3332,722
28261,1548053270.52,5450,3181
27005,1548053270.54,3332,723
28261,1548053270.56,5451,3183
27005,1548053270.58,3332,723
28261,1548053270.60,5451,3185
27005,1548053270.62,3332,723
28261,1548053270.65,5450,3185
27005,1548053270.67,3332,723
28261,1548053270.69,5450,3187
27005,1548053270.71,3332,723
28261,1548053270.73,5450,3187
27005,1548053270.75,3331,724
28261,1548053270.77,5451,3185
27005,1548053270.79,3330,724
28261,1548053270.81,5454,3185
27005,1548053270.83,3331,724
28261,1548053270.86,5454,3187
27005,1548053270.88,3331,724
28261,1548053270.90,5454,3185
27005,1548053270.92,3331,725
28261,1548053270.94,5454,3187
27005,1548053270.96,3331,729
28261,1548053270.98,5454,3187
27005,1548053271.00,3331,729
28261,1548053271.02,5454,3187
27005,1548053271.04,3331,731
28261,1548053271.07,5454,3187
27005,1548053271.09,3332,731
28261,1548053271.11,5454,3187
27005,1548053271.13,3332,731
28261,1548053271.15,5454,3187
27005,1548053271.17,3332,732
28261,1548053271.19,5451,3187
27005,1548053271.21,3332,732
